Name,Red,Green,Blue,Brightness,Width,Height,Format,Num_Pixels,R_Band,G_Band,B_Band,Sum_Pixels
drapp/static/001639a390f0_3_4.png,128.7862789866212,58.80810920817262,14.365096480379004,80.00615928393904,3216,2136,PNG,6869376,"(0, 255)","(0, 148)","(0, 59)","[884681374.0, 403975014.0, 98679249.0]"
